"";"DAP_cm";"Parcela";"Bosque"
"1";11,6337019492534;"p_1";"bosque1"
"2";18,1767865393314;"p_1";"bosque1"
"3";11,4107317193666;"p_1";"bosque1"
"4";12,2377157006738;"p_1";"bosque1"
"5";13,6608125298542;"p_1";"bosque1"
"6";19,5006149519623;"p_1";"bosque1"
"7";10,9060254265568;"p_1";"bosque1"
"8";10,3347873584441;"p_1";"bosque1"
"9";10,2956039002899;"p_1";"bosque1"
"10";11,2904566194795;"p_1";"bosque1"
"11";13,0127214919308;"p_1";"bosque1"
"12";12,1246628874047;"p_1";"bosque1"
"13";11,0075281665677;"p_1";"bosque1"
"14";11,127614538393;"p_1";"bosque1"
"15";10,2853800917703;"p_1";"bosque1"
"16";14,4661393602056;"p_1";"bosque1"
"17";10,1560452138783;"p_1";"bosque1"
"18";12,5186819845593;"p_1";"bosque1"
"19";14,982158584199;"p_1";"bosque1"
"20";14,9483476059244;"p_1";"bosque1"
"21";14,9260382886202;"p_1";"bosque1"
"22";11,8221944915703;"p_1";"bosque1"
"23";12,6271378513203;"p_1";"bosque1"
"24";17,64514919494;"p_1";"bosque1"
"25";13,1558264731306;"p_1";"bosque1"
"26";13,4159554808042;"p_1";"bosque1"
"27";11,5877010151541;"p_1";"bosque1"
"28";10,8157905954086;"p_1";"bosque1"
"29";10,6523974719942;"p_1";"bosque1"
"30";13,163963660843;"p_1";"bosque1"
"31";17,1847906128068;"p_1";"bosque1"
"32";13,6764196806915;"p_1";"bosque1"
"33";11,5797784072858;"p_1";"bosque1"
"34";11,0802416010428;"p_1";"bosque1"
"35";12,2382088772065;"p_1";"bosque1"
"36";10,0526868106746;"p_1";"bosque1"
"37";12,8024458545019;"p_2";"bosque1"
"38";19,5384395193962;"p_2";"bosque1"
"39";10,1002509586869;"p_2";"bosque1"
"40";18,0650370376709;"p_2";"bosque1"
"41";15,1922634407324;"p_2";"bosque1"
"42";12,8460417820166;"p_2";"bosque1"
"43";15,5407948258064;"p_2";"bosque1"
"44";12,2581582738477;"p_2";"bosque1"
"45";10,2213147975372;"p_2";"bosque1"
"46";11,8893797661122;"p_2";"bosque1"
"47";14,9692300638281;"p_2";"bosque1"
"48";11,9433142113497;"p_2";"bosque1"
"49";10,4142690805773;"p_2";"bosque1"
"50";10,7338254403052;"p_2";"bosque1"
"51";13,9679801144749;"p_2";"bosque1"
"52";12,1993322778291;"p_2";"bosque1"
"53";11,2090427050102;"p_2";"bosque1"
"54";15,7782721678584;"p_2";"bosque1"
"55";10,3133024436715;"p_2";"bosque1"
"56";12,5514532312888;"p_2";"bosque1"
"57";11,5830352119586;"p_2";"bosque1"
"58";15,8896304253221;"p_2";"bosque1"
"59";15,831428779282;"p_2";"bosque1"
"60";15,4988839264523;"p_2";"bosque1"
"61";12,9746791606776;"p_3";"bosque1"
"62";10,7825449702817;"p_3";"bosque1"
"63";12,983167144346;"p_3";"bosque1"
"64";11,2660361854711;"p_3";"bosque1"
"65";10,7889082517545;"p_3";"bosque1"
"66";10,3747489613387;"p_3";"bosque1"
"67";13,9134777199498;"p_3";"bosque1"
"68";15,7723998095459;"p_3";"bosque1"
"69";10,2128161029341;"p_3";"bosque1"
"70";11,7538470056888;"p_3";"bosque1"
"71";10,4023778051269;"p_3";"bosque1"
"72";10,841528344651;"p_3";"bosque1"
"73";15,9770361410687;"p_3";"bosque1"
"74";12,8782795614549;"p_3";"bosque1"
"75";16,5658429931055;"p_3";"bosque1"
"76";12,2413183987712;"p_3";"bosque1"
"77";10,6860633693074;"p_3";"bosque1"
"78";14,4694445895704;"p_3";"bosque1"
"79";11,0766069380685;"p_4";"bosque1"
"80";10,338198923919;"p_4";"bosque1"
"81";12,4746630332395;"p_4";"bosque1"
"82";10,9202997815713;"p_4";"bosque1"
"83";10,9003364607529;"p_4";"bosque1"
"84";12,763242354261;"p_4";"bosque1"
"85";11,9552422069499;"p_4";"bosque1"
"86";14,9556763549596;"p_4";"bosque1"
"87";16,001446999542;"p_4";"bosque1"
"88";10,0261402815851;"p_4";"bosque1"
"89";10,1143690860816;"p_4";"bosque1"
"90";11,5066452349429;"p_4";"bosque1"
"91";12,0344416025362;"p_4";"bosque1"
"92";10,3404151669131;"p_4";"bosque1"
"93";11,9239201938687;"p_4";"bosque1"
"94";12,7255462679459;"p_4";"bosque1"
"95";12,0672547381589;"p_4";"bosque1"
"96";13,3358504747568;"p_4";"bosque1"
"97";10,087035064842;"p_4";"bosque1"
"98";12,0662417743058;"p_4";"bosque1"
"99";14,0574553160639;"p_4";"bosque1"
"100";10,9371351277762;"p_4";"bosque1"
"101";10,1542607923268;"p_4";"bosque1"
"102";14,9623929709564;"p_4";"bosque1"
"103";11,4297540621925;"p_4";"bosque1"
"104";10,3136812540016;"p_4";"bosque1"
"105";11,0478162736782;"p_4";"bosque1"
"106";11,5316532349328;"p_4";"bosque1"
"107";15,1087580527934;"p_4";"bosque1"
"108";11,9175052540277;"p_4";"bosque1"
"109";15,4407782273286;"p_4";"bosque1"
"110";11,156610176714;"p_4";"bosque1"
"111";12,671952816167;"p_4";"bosque1"
"112";11,3933464469805;"p_4";"bosque1"
"113";10,4778516608103;"p_4";"bosque1"
"114";13,1980853254813;"p_4";"bosque1"
"115";12,0203792653995;"p_5";"bosque1"
"116";13,4845938464633;"p_5";"bosque1"
"117";10,8145344107316;"p_5";"bosque1"
"118";10,2367068168546;"p_5";"bosque1"
"119";10,443759015188;"p_5";"bosque1"
"120";10,6476690123815;"p_5";"bosque1"
"121";11,4439636226742;"p_5";"bosque1"
"122";11,6339857098224;"p_5";"bosque1"
"123";12,6692863180817;"p_5";"bosque1"
"124";12,3606668038818;"p_5";"bosque1"
"125";11,2183323176013;"p_5";"bosque1"
"126";18,0165534031656;"p_5";"bosque1"
"127";10,7479209924117;"p_5";"bosque1"
"128";13,7494071516824;"p_5";"bosque1"
"129";10,3424233351851;"p_5";"bosque1"
"130";12,3030006508303;"p_5";"bosque1"
"131";11,6691662410432;"p_5";"bosque1"
"132";11,0993673521417;"p_5";"bosque1"
"133";12,196410234963;"p_5";"bosque1"
"134";11,377006081942;"p_5";"bosque1"
"135";15,6691264004498;"p_5";"bosque1"
"136";10,6238740845756;"p_5";"bosque1"
"137";12,1891730659938;"p_5";"bosque1"
"138";11,556281454361;"p_5";"bosque1"
"139";11,0761526169736;"p_5";"bosque1"
"140";11,2072786290721;"p_5";"bosque1"
"141";17,4010717963036;"p_5";"bosque1"
"142";11,0915711759439;"p_5";"bosque1"
"143";19,7946636433069;"p_5";"bosque1"
"144";11,005868137482;"p_5";"bosque1"
"145";10,5753077264326;"p_5";"bosque1"
"146";12,2518224493878;"p_5";"bosque1"
"147";17,2959343013947;"p_5";"bosque1"
"148";15,8585136286095;"p_5";"bosque1"
"149";11,5539929299998;"p_5";"bosque1"
"150";12,6831163421916;"p_5";"bosque1"
"151";4,38791305586242;"p_1";"bosque2"
"152";7,97993304377813;"p_1";"bosque2"
"153";4,36477446200973;"p_1";"bosque2"
"154";4,34843727617346;"p_1";"bosque2"
"155";5,98025151407113;"p_1";"bosque2"
"156";7,58866161455197;"p_1";"bosque2"
"157";10,3660336292059;"p_1";"bosque2"
"158";11,034428944297;"p_1";"bosque2"
"159";8,91548044558755;"p_1";"bosque2"
"160";10,5562210710866;"p_1";"bosque2"
"161";12,7316032049597;"p_1";"bosque2"
"162";7,54845078898513;"p_1";"bosque2"
"163";15,6824564520567;"p_1";"bosque2"
"164";5,77470009394383;"p_1";"bosque2"
"165";13,095461262118;"p_1";"bosque2"
"166";6,40779578821132;"p_1";"bosque2"
"167";2,85860626375373;"p_1";"bosque2"
"168";5,24123982649411;"p_1";"bosque2"
"169";8,2728336548702;"p_1";"bosque2"
"170";19,7717382382792;"p_2";"bosque2"
"171";7,54471518725256;"p_2";"bosque2"
"172";26,0189178714169;"p_2";"bosque2"
"173";15,2088430968623;"p_2";"bosque2"
"174";6,19918026489885;"p_2";"bosque2"
"175";19,4437884792881;"p_2";"bosque2"
"176";1,79704712326047;"p_2";"bosque2"
"177";13,4039688208528;"p_2";"bosque2"
"178";22,7878199643284;"p_2";"bosque2"
"179";2,81180897344629;"p_2";"bosque2"
"180";3,59504982491369;"p_2";"bosque2"
"181";1,17698456819238;"p_2";"bosque2"
"182";16,7665903222608;"p_2";"bosque2"
"183";14,7166732337401;"p_2";"bosque2"
"184";1,06431425335295;"p_2";"bosque2"
"185";13,382211893324;"p_2";"bosque2"
"186";22,2453408438564;"p_2";"bosque2"
"187";15,7595733450091;"p_3";"bosque2"
"188";11,4863038072934;"p_3";"bosque2"
"189";7,5303572078;"p_3";"bosque2"
"190";6,44086589296053;"p_3";"bosque2"
"191";7,40022797629102;"p_3";"bosque2"
"192";12,9917848386294;"p_3";"bosque2"
"193";9,45393280001635;"p_3";"bosque2"
"194";10,2838166974381;"p_3";"bosque2"
"195";30,6821790313531;"p_3";"bosque2"
"196";9,50001811758002;"p_3";"bosque2"
"197";8,17469125026431;"p_3";"bosque2"
"198";12,6415170024533;"p_3";"bosque2"
"199";1,93671826960266;"p_3";"bosque2"
"200";23,71580633945;"p_3";"bosque2"
"201";8,05684084525713;"p_3";"bosque2"
"202";9,30714991745506;"p_4";"bosque2"
"203";8,02515349629374;"p_4";"bosque2"
"204";18,0123872331225;"p_4";"bosque2"
"205";9,38212046493928;"p_4";"bosque2"
"206";11,7601113064674;"p_4";"bosque2"
"207";21,5463359853729;"p_4";"bosque2"
"208";14,3368794436058;"p_4";"bosque2"
"209";5,6868603635885;"p_4";"bosque2"
"210";12,8122233113301;"p_4";"bosque2"
"211";9,4875490144464;"p_4";"bosque2"
"212";5,65482768110462;"p_4";"bosque2"
"213";11,0275728855885;"p_4";"bosque2"
"214";6,4350865093855;"p_4";"bosque2"
"215";19,5061237955377;"p_4";"bosque2"
"216";23,0059645083727;"p_4";"bosque2"
"217";3,67349832051773;"p_4";"bosque2"
"218";17,0564101112683;"p_4";"bosque2"
"219";5,77721208326579;"p_4";"bosque2"
"220";6,37725731934156;"p_4";"bosque2"
"221";22,8498323425185;"p_4";"bosque2"
"222";21,2729612058894;"p_4";"bosque2"
"223";1,2658342153537;"p_4";"bosque2"
"224";11,5985814446164;"p_4";"bosque2"
"225";11,7593606192568;"p_4";"bosque2"
"226";5,98188233315852;"p_4";"bosque2"
"227";9,94146133754634;"p_4";"bosque2"
"228";17,2191974013038;"p_4";"bosque2"
"229";7,18499994792253;"p_4";"bosque2"
"230";15,5731938352309;"p_4";"bosque2"
"231";14,1025201645695;"p_4";"bosque2"
"232";7,5579782634918;"p_4";"bosque2"
"233";22,8668387058107;"p_4";"bosque2"
"234";30,1490280714151;"p_4";"bosque2"
"235";4,06304490325335;"p_4";"bosque2"
"236";12,2682057905651;"p_4";"bosque2"
"237";5,77161147063667;"p_4";"bosque2"
"238";3,76846059350476;"p_4";"bosque2"
"239";8,31979408741971;"p_4";"bosque2"
"240";10,5199929307412;"p_4";"bosque2"
"241";12,2616019404139;"p_4";"bosque2"
"242";5,35322270717441;"p_4";"bosque2"
"243";13,8208027704614;"p_4";"bosque2"
"244";7,7272176639444;"p_4";"bosque2"
"245";8,30762426064536;"p_4";"bosque2"
"246";5,68521539690789;"p_4";"bosque2"
"247";6,68717832158455;"p_4";"bosque2"
"248";11,8671803726137;"p_4";"bosque2"
"249";10,3807083342546;"p_4";"bosque2"
"250";16,2459975606144;"p_4";"bosque2"
"251";9,68137496572534;"p_4";"bosque2"
"252";10,8711111693851;"p_4";"bosque2"
"253";14,9500236452603;"p_4";"bosque2"
"254";5,43274226000727;"p_4";"bosque2"
"255";7,27789017485776;"p_4";"bosque2"
"256";3,51324869280464;"p_4";"bosque2"
"257";6,17449750638914;"p_4";"bosque2"
"258";4,43735636162684;"p_4";"bosque2"
"259";19,5157535619062;"p_4";"bosque2"
"260";11,9753804786066;"p_4";"bosque2"
"261";6,21309395522683;"p_4";"bosque2"
"262";6,98241603232678;"p_4";"bosque2"
"263";17,2848230552673;"p_4";"bosque2"
"264";3,51637946226425;"p_4";"bosque2"
"265";5,38918455203291;"p_4";"bosque2"
"266";14,3022467679491;"p_4";"bosque2"
"267";17,0232156099435;"p_4";"bosque2"
"268";6,20271401615952;"p_4";"bosque2"
"269";3,78808544028561;"p_4";"bosque2"
"270";10,5022282628297;"p_4";"bosque2"
"271";5,10294847236893;"p_4";"bosque2"
"272";6,7142887797134;"p_4";"bosque2"
"273";20,5175430184885;"p_4";"bosque2"
"274";15,2995648010448;"p_4";"bosque2"
"275";16,205220153143;"p_4";"bosque2"
"276";9,11100571048942;"p_4";"bosque2"
"277";9,72678463141242;"p_4";"bosque2"
"278";12,597750835533;"p_4";"bosque2"
"279";13,3517825537735;"p_4";"bosque2"
"280";12,5097124764183;"p_4";"bosque2"
"281";9,02426184430552;"p_4";"bosque2"
"282";5,67876280872976;"p_4";"bosque2"
"283";13,9928749862385;"p_4";"bosque2"
"284";10,2666725839857;"p_4";"bosque2"
"285";5,78240693952305;"p_4";"bosque2"
"286";11,8598925736822;"p_4";"bosque2"
"287";9,60055424498583;"p_4";"bosque2"
"288";6,82573106662707;"p_4";"bosque2"
"289";3,7078467125333;"p_4";"bosque2"
"290";18,2541000720895;"p_4";"bosque2"
"291";6,03768250548506;"p_4";"bosque2"
"292";5,91312744304018;"p_4";"bosque2"
"293";8,57988244860325;"p_4";"bosque2"
"294";11,2030289505951;"p_4";"bosque2"
"295";12,4788980042071;"p_4";"bosque2"
"296";3,80050458767262;"p_4";"bosque2"
"297";4,85724524012289;"p_4";"bosque2"
"298";7,87639159024497;"p_4";"bosque2"
"299";7,78512744847149;"p_4";"bosque2"
"300";8,69594578816543;"p_4";"bosque2"
"301";18,5182602997353;"p_4";"bosque2"
"302";6,18832418619257;"p_4";"bosque2"
"303";2,98507437306239;"p_4";"bosque2"
"304";13,9445073806942;"p_4";"bosque2"
"305";3,44477978930577;"p_4";"bosque2"
"306";11,5599817235923;"p_4";"bosque2"
"307";6,40906290789613;"p_4";"bosque2"
"308";9,62740357425536;"p_4";"bosque2"
"309";5,70052183551936;"p_4";"bosque2"
"310";16,746347631617;"p_4";"bosque2"
"311";19,131312609891;"p_4";"bosque2"
"312";7,84062638954858;"p_4";"bosque2"
"313";18,2708756714228;"p_4";"bosque2"
"314";2,67269189665913;"p_4";"bosque2"
"315";7,08589999009446;"p_4";"bosque2"
"316";10,3079267349093;"p_4";"bosque2"
"317";3,37153635931138;"p_4";"bosque2"
"318";14,2257035167024;"p_4";"bosque2"
"319";13,3049972901187;"p_4";"bosque2"
"320";8,22721215840425;"p_4";"bosque2"
"321";8,8373728186813;"p_4";"bosque2"
"322";15,7104116440651;"p_4";"bosque2"
"323";10,2762957700115;"p_4";"bosque2"
"324";8,01727491837168;"p_4";"bosque2"
"325";5,33275335244577;"p_4";"bosque2"
"326";5,97596907785392;"p_4";"bosque2"
"327";6,94294410583194;"p_4";"bosque2"
"328";6,55491203922475;"p_4";"bosque2"
"329";5,16800444657905;"p_4";"bosque2"
"330";12,3210691053225;"p_4";"bosque2"
"331";8,46288553922022;"p_4";"bosque2"
"332";16,8681580338189;"p_4";"bosque2"
"333";9,7980465562635;"p_4";"bosque2"
"334";15,4090847223916;"p_4";"bosque2"
"335";12,3585655936433;"p_4";"bosque2"
"336";10,536177239767;"p_4";"bosque2"
"337";11,3983620300244;"p_4";"bosque2"
"338";14,6503154991302;"p_4";"bosque2"
"339";23,3742900830427;"p_4";"bosque2"
"340";19,3486838978415;"p_4";"bosque2"
"341";5,65972148125063;"p_4";"bosque2"
"342";5,89876507961603;"p_4";"bosque2"
"343";7,8341512393435;"p_4";"bosque2"
"344";11,398176149893;"p_4";"bosque2"
"345";12,2200584461078;"p_4";"bosque2"
"346";0,585150068828174;"p_4";"bosque2"
"347";3,27144645943196;"p_4";"bosque2"
"348";5,43438564722061;"p_4";"bosque2"
"349";19,0783263441275;"p_4";"bosque2"
"350";7,16179606769921;"p_4";"bosque2"
"351";13,5005632891093;"p_4";"bosque2"
"352";5,64010481645099;"p_4";"bosque2"
"353";9,22454310956517;"p_4";"bosque2"
"354";16,9934218802224;"p_4";"bosque2"
"355";1,99855599175561;"p_4";"bosque2"
"356";7,60132411205717;"p_4";"bosque2"
"357";4,32431194520496;"p_4";"bosque2"
"358";6,4983317274216;"p_4";"bosque2"
"359";4,46448884148035;"p_4";"bosque2"
"360";9,90772633951769;"p_4";"bosque2"
"361";13,9540464929932;"p_4";"bosque2"
"362";6,51893265398559;"p_4";"bosque2"
"363";11,7199571893638;"p_4";"bosque2"
"364";1,33503167369752;"p_4";"bosque2"
"365";8,28680646970989;"p_4";"bosque2"
"366";10,2306110934499;"p_4";"bosque2"
"367";16,9906543655937;"p_4";"bosque2"
"368";11,2090442520308;"p_4";"bosque2"
"369";6,86987282029563;"p_4";"bosque2"
"370";10,6771668083987;"p_4";"bosque2"
"371";37,0402152202937;"p_4";"bosque2"
"372";11,5219442563197;"p_4";"bosque2"
"373";1,71626470594132;"p_4";"bosque2"
"374";6,20504817607774;"p_4";"bosque2"
"375";8,51407833015629;"p_5";"bosque2"
"376";21,7140535542067;"p_5";"bosque2"
"377";6,99107029424115;"p_5";"bosque2"
"378";5,01837810911209;"p_5";"bosque2"
"379";0,37874041273495;"p_5";"bosque2"
"380";13,5225548040588;"p_5";"bosque2"
"381";14,7078101020785;"p_5";"bosque2"
"382";15,5055139511292;"p_5";"bosque2"
"383";8,86945395881611;"p_5";"bosque2"
"384";5,63346800950952;"p_5";"bosque2"
"385";16,4448135793626;"p_5";"bosque2"
"386";14,454957166177;"p_5";"bosque2"
"387";7,04750063311235;"p_5";"bosque2"
"388";25,0762866580041;"p_5";"bosque2"
"389";8,09891128366855;"p_5";"bosque2"
"390";2,33339417069656;"p_5";"bosque2"
"391";4,0920764532545;"p_5";"bosque2"
"392";12,5164044765457;"p_5";"bosque2"
"393";10,6932161641048;"p_5";"bosque2"
"394";27,1727599358168;"p_5";"bosque2"
"395";9,89896029554792;"p_5";"bosque2"
"396";8,67436450950545;"p_5";"bosque2"
"397";15,7522187969871;"p_5";"bosque2"
"398";6,9959965246383;"p_5";"bosque2"
"399";8,63353661114939;"p_5";"bosque2"
"400";5,42219796799504;"p_5";"bosque2"
"401";10;"p_1";"bosque3"
"402";11;"p_1";"bosque3"
"403";19;"p_1";"bosque3"
"404";11;"p_1";"bosque3"
"405";10;"p_1";"bosque3"
"406";11;"p_1";"bosque3"
"407";16;"p_1";"bosque3"
"408";12;"p_1";"bosque3"
"409";10;"p_1";"bosque3"
"410";11;"p_1";"bosque3"
"411";10;"p_1";"bosque3"
"412";14;"p_1";"bosque3"
"413";10;"p_1";"bosque3"
"414";11;"p_1";"bosque3"
"415";11;"p_1";"bosque3"
"416";16;"p_1";"bosque3"
"417";10;"p_1";"bosque3"
"418";12;"p_1";"bosque3"
"419";10;"p_1";"bosque3"
"420";10;"p_1";"bosque3"
"421";10;"p_1";"bosque3"
"422";12;"p_1";"bosque3"
"423";10;"p_1";"bosque3"
"424";10;"p_1";"bosque3"
"425";17;"p_1";"bosque3"
"426";34;"p_1";"bosque3"
"427";15;"p_1";"bosque3"
"428";10;"p_1";"bosque3"
"429";10;"p_1";"bosque3"
"430";11;"p_1";"bosque3"
"431";19;"p_1";"bosque3"
"432";10;"p_1";"bosque3"
"433";11;"p_1";"bosque3"
"434";11;"p_1";"bosque3"
"435";20;"p_1";"bosque3"
"436";17;"p_1";"bosque3"
"437";10;"p_1";"bosque3"
"438";17;"p_2";"bosque3"
"439";12;"p_2";"bosque3"
"440";12;"p_2";"bosque3"
"441";10;"p_2";"bosque3"
"442";15;"p_2";"bosque3"
"443";10;"p_2";"bosque3"
"444";10;"p_2";"bosque3"
"445";11;"p_2";"bosque3"
"446";13;"p_2";"bosque3"
"447";18;"p_2";"bosque3"
"448";11;"p_2";"bosque3"
"449";10;"p_2";"bosque3"
"450";11;"p_2";"bosque3"
"451";10;"p_2";"bosque3"
"452";10;"p_2";"bosque3"
"453";16;"p_2";"bosque3"
"454";14;"p_2";"bosque3"
"455";10;"p_2";"bosque3"
"456";14;"p_2";"bosque3"
"457";15;"p_2";"bosque3"
"458";13;"p_2";"bosque3"
"459";10;"p_2";"bosque3"
"460";10;"p_2";"bosque3"
"461";14;"p_2";"bosque3"
"462";13;"p_2";"bosque3"
"463";15;"p_2";"bosque3"
"464";10;"p_2";"bosque3"
"465";13;"p_2";"bosque3"
"466";13;"p_2";"bosque3"
"467";10;"p_2";"bosque3"
"468";10;"p_2";"bosque3"
"469";10;"p_2";"bosque3"
"470";10;"p_2";"bosque3"
"471";14;"p_2";"bosque3"
"472";14;"p_2";"bosque3"
"473";16;"p_2";"bosque3"
"474";10;"p_2";"bosque3"
"475";11;"p_2";"bosque3"
"476";10;"p_2";"bosque3"
"477";14;"p_2";"bosque3"
"478";10;"p_2";"bosque3"
"479";10;"p_2";"bosque3"
"480";10;"p_2";"bosque3"
"481";10;"p_2";"bosque3"
"482";11;"p_2";"bosque3"
"483";14;"p_2";"bosque3"
"484";13;"p_2";"bosque3"
"485";11;"p_3";"bosque3"
"486";11;"p_3";"bosque3"
"487";14;"p_3";"bosque3"
"488";10;"p_3";"bosque3"
"489";10;"p_3";"bosque3"
"490";20;"p_3";"bosque3"
"491";17;"p_3";"bosque3"
"492";15;"p_3";"bosque3"
"493";16;"p_3";"bosque3"
"494";10;"p_3";"bosque3"
"495";13;"p_3";"bosque3"
"496";10;"p_3";"bosque3"
"497";18;"p_3";"bosque3"
"498";10;"p_3";"bosque3"
"499";11;"p_3";"bosque3"
"500";10;"p_3";"bosque3"
"501";13;"p_3";"bosque3"
"502";11;"p_3";"bosque3"
"503";15;"p_3";"bosque3"
"504";11;"p_3";"bosque3"
"505";10;"p_3";"bosque3"
"506";10;"p_3";"bosque3"
"507";14;"p_3";"bosque3"
"508";12;"p_3";"bosque3"
"509";10;"p_3";"bosque3"
"510";10;"p_3";"bosque3"
"511";12;"p_3";"bosque3"
"512";14;"p_3";"bosque3"
"513";12;"p_3";"bosque3"
"514";13;"p_3";"bosque3"
"515";11;"p_3";"bosque3"
"516";13;"p_3";"bosque3"
"517";12;"p_3";"bosque3"
"518";14;"p_3";"bosque3"
"519";22;"p_3";"bosque3"
"520";13;"p_3";"bosque3"
"521";11;"p_3";"bosque3"
"522";10;"p_3";"bosque3"
"523";11;"p_3";"bosque3"
"524";12;"p_3";"bosque3"
"525";13;"p_3";"bosque3"
"526";10;"p_3";"bosque3"
"527";31;"p_3";"bosque3"
"528";12;"p_3";"bosque3"
"529";10;"p_3";"bosque3"
"530";11;"p_3";"bosque3"
"531";15;"p_3";"bosque3"
"532";10;"p_3";"bosque3"
"533";16;"p_3";"bosque3"
"534";18;"p_3";"bosque3"
"535";10;"p_3";"bosque3"
"536";12;"p_3";"bosque3"
"537";10;"p_3";"bosque3"
"538";12;"p_3";"bosque3"
"539";11;"p_3";"bosque3"
"540";10;"p_3";"bosque3"
"541";16;"p_3";"bosque3"
"542";11;"p_3";"bosque3"
"543";10;"p_3";"bosque3"
"544";14;"p_3";"bosque3"
"545";11;"p_3";"bosque3"
"546";10;"p_3";"bosque3"
"547";11;"p_3";"bosque3"
"548";19;"p_3";"bosque3"
"549";12;"p_4";"bosque3"
"550";16;"p_4";"bosque3"
"551";24;"p_4";"bosque3"
"552";19;"p_4";"bosque3"
"553";13;"p_4";"bosque3"
"554";12;"p_4";"bosque3"
"555";16;"p_4";"bosque3"
"556";11;"p_4";"bosque3"
"557";10;"p_4";"bosque3"
"558";10;"p_4";"bosque3"
"559";10;"p_4";"bosque3"
"560";10;"p_4";"bosque3"
"561";21;"p_4";"bosque3"
"562";10;"p_4";"bosque3"
"563";11;"p_4";"bosque3"
"564";11;"p_4";"bosque3"
"565";10;"p_4";"bosque3"
"566";12;"p_4";"bosque3"
"567";12;"p_4";"bosque3"
"568";16;"p_4";"bosque3"
"569";10;"p_4";"bosque3"
"570";15;"p_4";"bosque3"
"571";14;"p_4";"bosque3"
"572";17;"p_4";"bosque3"
"573";19;"p_4";"bosque3"
"574";14;"p_4";"bosque3"
"575";13;"p_4";"bosque3"
"576";11;"p_4";"bosque3"
"577";15;"p_4";"bosque3"
"578";13;"p_4";"bosque3"
"579";13;"p_4";"bosque3"
"580";19;"p_4";"bosque3"
"581";86,3782666354041;"p_1";"bosque4"
"582";63,5358316382601;"p_1";"bosque4"
"583";90,5644770092991;"p_1";"bosque4"
"584";95,8419819591089;"p_1";"bosque4"
"585";93,9314107809219;"p_1";"bosque4"
"586";96,4866068292331;"p_1";"bosque4"
"587";59,6323895199939;"p_1";"bosque4"
"588";84,8219391705858;"p_1";"bosque4"
"589";93,1641900106476;"p_1";"bosque4"
"590";86,7560284418818;"p_1";"bosque4"
"591";68,7500926493296;"p_1";"bosque4"
"592";55,7302064515309;"p_1";"bosque4"
"593";67,7600325483793;"p_1";"bosque4"
"594";67,8532296780992;"p_1";"bosque4"
"595";76,8421156714127;"p_1";"bosque4"
"596";96,036256375333;"p_1";"bosque4"
"597";91,9365267337281;"p_1";"bosque4"
"598";100,273198894744;"p_1";"bosque4"
"599";67,550605341875;"p_1";"bosque4"
"600";66,7135070760475;"p_1";"bosque4"
"601";110,577578029033;"p_1";"bosque4"
"602";57,0985095899685;"p_1";"bosque4"
"603";83,417049582953;"p_1";"bosque4"
"604";97,7699920046292;"p_1";"bosque4"
"605";85,3511873803871;"p_1";"bosque4"
"606";66,1180476713004;"p_1";"bosque4"
"607";97,6583089178597;"p_1";"bosque4"
"608";83,284005496175;"p_1";"bosque4"
"609";84,4062214645436;"p_1";"bosque4"
"610";92,7397265077293;"p_1";"bosque4"
"611";94,0749864659514;"p_1";"bosque4"
"612";76,0206607369713;"p_1";"bosque4"
"613";92,4699956194134;"p_1";"bosque4"
"614";67,8316592881132;"p_1";"bosque4"
"615";73,7719847835229;"p_1";"bosque4"
"616";77,5955087949355;"p_1";"bosque4"
"617";54,6512900828053;"p_2";"bosque4"
"618";91,4752541453593;"p_2";"bosque4"
"619";69,5703485180185;"p_2";"bosque4"
"620";64,8214442493495;"p_2";"bosque4"
"621";71,6957702150206;"p_2";"bosque4"
"622";68,1824020609082;"p_2";"bosque4"
"623";64,4904880733963;"p_2";"bosque4"
"624";70,6881521577122;"p_2";"bosque4"
"625";66,803048965281;"p_2";"bosque4"
"626";66,0460976843006;"p_2";"bosque4"
"627";63,2176648776445;"p_2";"bosque4"
"628";81,3666554208529;"p_2";"bosque4"
"629";68,2921459915849;"p_2";"bosque4"
"630";75,2523410601324;"p_2";"bosque4"
"631";73,7517205191515;"p_2";"bosque4"
"632";88,4605874879378;"p_2";"bosque4"
"633";100,627025648891;"p_2";"bosque4"
"634";81,4803167358744;"p_2";"bosque4"
"635";100,281852006291;"p_2";"bosque4"
"636";80,7893931540967;"p_2";"bosque4"
"637";85,8493649683957;"p_2";"bosque4"
"638";102,83908583258;"p_2";"bosque4"
"639";73,1380430363541;"p_2";"bosque4"
"640";91,0016573249241;"p_2";"bosque4"
"641";57,1604346477761;"p_2";"bosque4"
"642";81,8564003786375;"p_3";"bosque4"
"643";73,6367466891585;"p_3";"bosque4"
"644";83,5319854455667;"p_3";"bosque4"
"645";92,8416712525058;"p_3";"bosque4"
"646";63,2681480224074;"p_3";"bosque4"
"647";85,9044350990948;"p_3";"bosque4"
"648";95,0362565410727;"p_3";"bosque4"
"649";81,9737769578457;"p_3";"bosque4"
"650";122,445107753993;"p_3";"bosque4"
"651";86,7737860057099;"p_3";"bosque4"
"652";78,8962943682803;"p_3";"bosque4"
"653";60,4159145105604;"p_3";"bosque4"
"654";79,0947552762658;"p_3";"bosque4"
"655";64,049726754891;"p_3";"bosque4"
"656";88,160259332404;"p_3";"bosque4"
"657";73,9071476965431;"p_3";"bosque4"
"658";64,5605690945419;"p_3";"bosque4"
"659";110,805726542017;"p_3";"bosque4"
"660";49,370050951613;"p_3";"bosque4"
"661";76,60691392657;"p_3";"bosque4"
"662";84,3898913094922;"p_3";"bosque4"
"663";60,7049900118181;"p_3";"bosque4"
"664";64,3245038675616;"p_3";"bosque4"
"665";70,267035385763;"p_3";"bosque4"
"666";59,2172776580681;"p_3";"bosque4"
"667";70,1857789399118;"p_3";"bosque4"
"668";83,8463170032468;"p_3";"bosque4"
"669";70,1378943595499;"p_3";"bosque4"
"670";60,1235309481533;"p_3";"bosque4"
"671";107,031879910465;"p_3";"bosque4"
"672";85,3996864880791;"p_3";"bosque4"
"673";94,8486034160829;"p_3";"bosque4"
"674";83,6777580273304;"p_3";"bosque4"
"675";82,2901197878989;"p_3";"bosque4"
"676";74,441184073396;"p_3";"bosque4"
"677";68,5613624891739;"p_3";"bosque4"
"678";61,613512176074;"p_3";"bosque4"
"679";77,7090267236076;"p_3";"bosque4"
"680";70,7045119676409;"p_3";"bosque4"
"681";70,6355350274618;"p_3";"bosque4"
"682";62,067500624255;"p_3";"bosque4"
"683";63,5806223560045;"p_3";"bosque4"
"684";39,4396346524947;"p_3";"bosque4"
"685";84,1673578765324;"p_3";"bosque4"
"686";95,5117854910348;"p_3";"bosque4"
"687";80,565117753965;"p_3";"bosque4"
"688";59,7415215093324;"p_3";"bosque4"
"689";52,8586071295928;"p_3";"bosque4"
"690";62,080578327658;"p_3";"bosque4"
"691";94,8128523242199;"p_3";"bosque4"
"692";84,6871305866652;"p_3";"bosque4"
"693";84,1325005717321;"p_4";"bosque4"
"694";33,1787515932309;"p_4";"bosque4"
"695";89,6582438673572;"p_4";"bosque4"
"696";106,511697360855;"p_4";"bosque4"
"697";115,307722530366;"p_4";"bosque4"
"698";95,8880796736477;"p_4";"bosque4"
"699";32,1010199751775;"p_4";"bosque4"
"700";78,3131067209404;"p_4";"bosque4"
"701";77,0000604649602;"p_4";"bosque4"
"702";78,5982031983724;"p_4";"bosque4"
"703";65,2993540231008;"p_4";"bosque4"
"704";66,5055624303484;"p_4";"bosque4"
"705";73,8950702925924;"p_4";"bosque4"
"706";70,2914072847615;"p_4";"bosque4"
"707";79,7925173792678;"p_4";"bosque4"
"708";81,0972987733836;"p_4";"bosque4"
"709";69,155404359164;"p_4";"bosque4"
"710";95,6022748947104;"p_4";"bosque4"
"711";57,6922741033438;"p_4";"bosque4"
"712";72,3349431920154;"p_4";"bosque4"
"713";81,0771191922507;"p_4";"bosque4"
"714";81,1761264315012;"p_4";"bosque4"
"715";82,7267434541283;"p_4";"bosque4"
"716";70,3516338821806;"p_5";"bosque4"
"717";74,9854842964305;"p_5";"bosque4"
"718";84,764080874699;"p_5";"bosque4"
"719";84,4375058181285;"p_5";"bosque4"
"720";78,2284102826022;"p_5";"bosque4"
"721";64,9390661480697;"p_5";"bosque4"
"722";76,3579477982858;"p_5";"bosque4"
"723";73,1859251880007;"p_5";"bosque4"
"724";70,7737298042657;"p_5";"bosque4"
"725";81,2325625528173;"p_5";"bosque4"
"726";87,0171037022206;"p_5";"bosque4"
"727";57,0754186209164;"p_5";"bosque4"
"728";83,4264914193368;"p_5";"bosque4"
"729";64,3636203946012;"p_5";"bosque4"
"730";68,0606214350823;"p_5";"bosque4"
"731";70,9237051474898;"p_5";"bosque4"
"732";74,7689755393695;"p_5";"bosque4"
"733";82,0467468703881;"p_5";"bosque4"
"734";70,0978912113682;"p_5";"bosque4"
"735";69,3924265825929;"p_5";"bosque4"
"736";95,9386697628165;"p_5";"bosque4"
"737";80,728507019943;"p_5";"bosque4"
"738";92,5848768661082;"p_5";"bosque4"
"739";86,9411558383495;"p_5";"bosque4"
"740";74,4509654543774;"p_5";"bosque4"
"741";56,9207919206733;"p_5";"bosque4"
"742";62,4232063549236;"p_5";"bosque4"
"743";84,5574774551139;"p_5";"bosque4"
"744";100,272720841545;"p_5";"bosque4"
"745";66,0928907075104;"p_5";"bosque4"
"746";76,0162432476589;"p_5";"bosque4"
"747";65,1975689817515;"p_5";"bosque4"
"748";84,2024503392993;"p_5";"bosque4"
"749";62,6944578388997;"p_5";"bosque4"
"750";64,698745761302;"p_5";"bosque4"
"751";84,3508026505775;"p_5";"bosque4"
"752";93,9086308002005;"p_5";"bosque4"
"753";73,8566407091049;"p_5";"bosque4"
"754";49,7619946859901;"p_5";"bosque4"
"755";93,2117837919459;"p_5";"bosque4"
"756";93,277857639464;"p_5";"bosque4"
"757";76,930706135785;"p_5";"bosque4"
"758";85,7287899267669;"p_5";"bosque4"
"759";101,265578896188;"p_5";"bosque4"
"760";70,6548187189541;"p_5";"bosque4"
"761";95,3586974328226;"p_5";"bosque4"
"762";117,87939152381;"p_5";"bosque4"
"763";93,7750213802807;"p_5";"bosque4"
"764";66,3134714841829;"p_5";"bosque4"
"765";103,822331584221;"p_5";"bosque4"
"766";70,882742114356;"p_5";"bosque4"
"767";72,8418996875807;"p_5";"bosque4"
"768";71,5775201641356;"p_5";"bosque4"
"769";71,2005979326815;"p_5";"bosque4"
"770";75,414334305968;"p_5";"bosque4"
"771";66,8988574999232;"p_5";"bosque4"
"772";84,2766562475519;"p_5";"bosque4"
"773";98,803496367557;"p_5";"bosque4"
"774";68,7273220125734;"p_6";"bosque4"
"775";67,3880206356482;"p_6";"bosque4"
"776";46,6696931955347;"p_6";"bosque4"
"777";98,3858519327;"p_6";"bosque4"
"778";61,937781096602;"p_6";"bosque4"
"779";100,212933593797;"p_6";"bosque4"
"780";67,6172311714423;"p_6";"bosque4"
"781";81,0531284546901;"p_6";"bosque4"
"782";61,476656197928;"p_6";"bosque4"
"783";71,0973561995216;"p_6";"bosque4"
"784";90,6367537077076;"p_6";"bosque4"
"785";85,2049106227403;"p_6";"bosque4"
"786";94,9444358976332;"p_6";"bosque4"
"787";60,0110530784944;"p_6";"bosque4"
"788";91,9763929067595;"p_6";"bosque4"
"789";84,6600560363598;"p_6";"bosque4"
"790";68,0555306669714;"p_6";"bosque4"
"791";74,2408643719974;"p_6";"bosque4"
"792";86,2649556354261;"p_6";"bosque4"
"793";103,248406666058;"p_6";"bosque4"
"794";76,39230883982;"p_6";"bosque4"
"795";103,714987500469;"p_6";"bosque4"
"796";83,5164314413911;"p_7";"bosque4"
"797";71,7903325444497;"p_7";"bosque4"
"798";71,8191803339381;"p_7";"bosque4"
"799";76,6474116891372;"p_7";"bosque4"
"800";112,641541503796;"p_7";"bosque4"
"801";67,3579327717643;"p_7";"bosque4"
"802";64,9467142284706;"p_7";"bosque4"
"803";57,3586515318984;"p_7";"bosque4"
"804";79,1918501416816;"p_7";"bosque4"
"805";91,1990996312456;"p_7";"bosque4"
"806";84,785926212835;"p_7";"bosque4"
"807";69,6210025753717;"p_7";"bosque4"
"808";102,044677305773;"p_7";"bosque4"
"809";88,8610056210578;"p_7";"bosque4"
"810";65,8440942494204;"p_7";"bosque4"
"811";40,808466044027;"p_7";"bosque4"
"812";61,7858752974363;"p_7";"bosque4"
"813";70,0813337688577;"p_7";"bosque4"
"814";72,2274551602789;"p_7";"bosque4"
"815";75,0790859864553;"p_7";"bosque4"
"816";55,9286188286803;"p_7";"bosque4"
"817";73,6933539481033;"p_7";"bosque4"
"818";76,5196290653816;"p_7";"bosque4"
"819";78,1371382405386;"p_7";"bosque4"
"820";74,213748190492;"p_7";"bosque4"
"821";77,4402525683726;"p_7";"bosque4"
"822";86,3723963825858;"p_7";"bosque4"
"823";78,026126003052;"p_7";"bosque4"
"824";100,832523253027;"p_7";"bosque4"
"825";74,4730157944229;"p_7";"bosque4"
"826";75,2499915994995;"p_7";"bosque4"
"827";80,1720852916579;"p_7";"bosque4"
"828";63,5091050107972;"p_7";"bosque4"
"829";103,540233448531;"p_7";"bosque4"
"830";78,4625705656447;"p_7";"bosque4"
